model,fold,RMSE,MAE,Spearman,NDCG@20,Hit@20
GraphSAGE,1,2.828378824045384,2.3578882217407227,0.18228677647946298,0.7075743589687062,1.0
GraphSAGE,2,2.596596316591289,2.084482431411743,0.2748011177989145,0.7796115015830144,1.0
GraphSAGE,3,2.5599692338346434,2.126260280609131,0.3095891761731182,0.7696676402366879,1.0
GraphSAGE,4,2.5975254570867294,2.137578248977661,0.2922977291415263,0.8035701254418711,1.0
GraphSAGE,5,2.8172213450264354,2.281123161315918,0.1542525939665734,0.6899874411510168,1.0
GraphSAGE,mean,2.6799382353168966,2.1974664688110352,0.24264547871191908,0.7500822134762594,1.0
GraphSAGE,spearman_std,,,0.06234944223709521,,
