family,model,RMSE_mean,RMSE_std,MAE_mean,MAE_std,Spearman_mean,Spearman_std,NDCG@20_mean,NDCG@20_std,Hit@20_mean,Hit@20_std
ML,XGBoost_tuned_cv,2.133085,0.040457,1.594438,0.021274,0.430751,0.008948,0.839619,0.004367,1.0,0.0
DL,ResidualMLP_cv,2.128796,0.041159,1.588846,0.019151,0.43668,0.010579,0.840609,0.003035,1.0,0.0
Graph,GraphSAGE,1.4198103570557847,,1.0270020961761477,,0.8454477222281997,0.005949440057142,0.9514070062396676,,1.0,
