{
  "torch_epochs_max": 45,
  "torch_batch": 256,
  "early_stop_patience": 8,
  "n_configs_per_model": 12,
  "preprocessing": {
    "XGBoost": "raw features (no standardization).",
    "DL_variant_A": "StandardScaler on all continuous columns (fit on train fold).",
    "DL_variant_B": "StandardScaler on pathway block continuous columns only; other features unscaled."
  },
  "block_indices": {
    "pathway": 50,
    "drug_chem": 2058,
    "pair_lincs": 5,
    "pair_target": 10
  },
  "dl_saved_checkpoint": "CV: early stopping on validation fold. Final .pt: trained on 100% of rows for torch_epochs (same max epochs as CV cap), no early stopping, after scaling variant of best config.",
  "family": "xgboost",
  "rows": [
    {
      "config_id": 1,
      "spearman_mean": 0.47311703961305235,
      "spearman_std": 0.009845358981855071,
      "rmse_mean": 2.0670371926402114,
      "rmse_std": 0.043920888811681734,
      "val_minus_train_mse_mean": NaN,
      "fold_1_spearman": 0.4890522088667791,
      "fold_1_rmse": 2.035934094582064,
      "fold_2_spearman": 0.46720547292772174,
      "fold_2_rmse": 2.009792197953579,
      "fold_3_spearman": 0.4622467042866014,
      "fold_3_rmse": 2.13788780576052,
      "fold_4_spearman": 0.4797555712874148,
      "fold_4_rmse": 2.065110259910981,
      "fold_5_spearman": 0.4673252406967447,
      "fold_5_rmse": 2.0864616049939118,
      "params_json": "{\"colsample_bytree\": 0.7, \"learning_rate\": 0.05, \"max_depth\": 4, \"min_child_weight\": 5, \"n_estimators\": 800, \"reg_alpha\": 1.0, \"reg_lambda\": 1, \"subsample\": 0.85}"
    },
    {
      "config_id": 2,
      "spearman_mean": 0.47150305861327013,
      "spearman_std": 0.008073764394667735,
      "rmse_mean": 2.069408573070415,
      "rmse_std": 0.045593830186855956,
      "val_minus_train_mse_mean": NaN,
      "fold_1_spearman": 0.48429541455284697,
      "fold_1_rmse": 2.0401875983727464,
      "fold_2_spearman": 0.4677201521551204,
      "fold_2_rmse": 2.0063461708477406,
      "fold_3_spearman": 0.46312190114190144,
      "fold_3_rmse": 2.1398037636883265,
      "fold_4_spearman": 0.4774151646816095,
      "fold_4_rmse": 2.0667838488961205,
      "fold_5_spearman": 0.4649626605348723,
      "fold_5_rmse": 2.0939214835471396,
      "params_json": "{\"colsample_bytree\": 0.9, \"learning_rate\": 0.1, \"max_depth\": 4, \"min_child_weight\": 1, \"n_estimators\": 800, \"reg_alpha\": 1.0, \"reg_lambda\": 10, \"subsample\": 0.85}"
    },
    {
      "config_id": 3,
      "spearman_mean": 0.46854422169675647,
      "spearman_std": 0.008170585055139058,
      "rmse_mean": 2.074290232381842,
      "rmse_std": 0.04196776306628246,
      "val_minus_train_mse_mean": NaN,
      "fold_1_spearman": 0.48295095271763544,
      "fold_1_rmse": 2.0448792024111384,
      "fold_2_spearman": 0.4630846439469825,
      "fold_2_rmse": 2.017378170300957,
      "fold_3_spearman": 0.4654509223213843,
      "fold_3_rmse": 2.138885682449029,
      "fold_4_spearman": 0.47152191620418077,
      "fold_4_rmse": 2.073032650666057,
      "fold_5_spearman": 0.4597126732935996,
      "fold_5_rmse": 2.097275456082029,
      "params_json": "{\"colsample_bytree\": 0.7, \"learning_rate\": 0.05, \"max_depth\": 6, \"min_child_weight\": 1, \"n_estimators\": 800, \"reg_alpha\": 0.1, \"reg_lambda\": 1, \"subsample\": 1.0}"
    },
    {
      "config_id": 4,
      "spearman_mean": 0.4712683718546583,
      "spearman_std": 0.009351617521657387,
      "rmse_mean": 2.0706524359920175,
      "rmse_std": 0.042904985730676345,
      "val_minus_train_mse_mean": NaN,
      "fold_1_spearman": 0.4875001919519059,
      "fold_1_rmse": 2.0389631108290747,
      "fold_2_spearman": 0.4640182784325802,
      "fold_2_rmse": 2.013543880623911,
      "fold_3_spearman": 0.4639852050040246,
      "fold_3_rmse": 2.136328959783104,
      "fold_4_spearman": 0.4761958055818936,
      "fold_4_rmse": 2.0688361896181817,
      "fold_5_spearman": 0.46464237830288735,
      "fold_5_rmse": 2.095590039105815,
      "params_json": "{\"colsample_bytree\": 0.9, \"learning_rate\": 0.05, \"max_depth\": 8, \"min_child_weight\": 3, \"n_estimators\": 300, \"reg_alpha\": 0.1, \"reg_lambda\": 5, \"subsample\": 0.85}"
    },
    {
      "config_id": 5,
      "spearman_mean": 0.47153346979289024,
      "spearman_std": 0.00907840170291756,
      "rmse_mean": 2.0693850495208554,
      "rmse_std": 0.04309247816386463,
      "val_minus_train_mse_mean": NaN,
      "fold_1_spearman": 0.4860646524378849,
      "fold_1_rmse": 2.038540828225794,
      "fold_2_spearman": 0.4634261246599242,
      "fold_2_rmse": 2.0138988348470463,
      "fold_3_spearman": 0.46312448767825626,
      "fold_3_rmse": 2.1378481040502413,
      "fold_4_spearman": 0.47811715975882857,
      "fold_4_rmse": 2.064037443553264,
      "fold_5_spearman": 0.4669349244295574,
      "fold_5_rmse": 2.092600036927932,
      "params_json": "{\"colsample_bytree\": 0.5, \"learning_rate\": 0.1, \"max_depth\": 4, \"min_child_weight\": 3, \"n_estimators\": 500, \"reg_alpha\": 1.0, \"reg_lambda\": 1, \"subsample\": 1.0}"
    },
    {
      "config_id": 6,
      "spearman_mean": 0.4718101958486118,
      "spearman_std": 0.009561491052845412,
      "rmse_mean": 2.070430377762184,
      "rmse_std": 0.04211338429937444,
      "val_minus_train_mse_mean": NaN,
      "fold_1_spearman": 0.4871096857432825,
      "fold_1_rmse": 2.0387294687328397,
      "fold_2_spearman": 0.4636586292500484,
      "fold_2_rmse": 2.0175833245032226,
      "fold_3_spearman": 0.46226130672648835,
      "fold_3_rmse": 2.138916336092638,
      "fold_4_spearman": 0.47860194538041084,
      "fold_4_rmse": 2.0672674854169713,
      "fold_5_spearman": 0.46741941214282884,
      "fold_5_rmse": 2.089655274065249,
      "params_json": "{\"colsample_bytree\": 0.7, \"learning_rate\": 0.03, \"max_depth\": 4, \"min_child_weight\": 5, \"n_estimators\": 800, \"reg_alpha\": 1.0, \"reg_lambda\": 5, \"subsample\": 1.0}"
    },
    {
      "config_id": 7,
      "spearman_mean": 0.4723008801595919,
      "spearman_std": 0.009240293601560246,
      "rmse_mean": 2.0683963435629193,
      "rmse_std": 0.04184933644556026,
      "val_minus_train_mse_mean": NaN,
      "fold_1_spearman": 0.4888286281235392,
      "fold_1_rmse": 2.0351315311973526,
      "fold_2_spearman": 0.4669212879650474,
      "fold_2_rmse": 2.0143429722904362,
      "fold_3_spearman": 0.4636625603950968,
      "fold_3_rmse": 2.133422317238527,
      "fold_4_spearman": 0.47589562490501913,
      "fold_4_rmse": 2.0683247938858464,
      "fold_5_spearman": 0.46619629940925666,
      "fold_5_rmse": 2.090760103202437,
      "params_json": "{\"colsample_bytree\": 0.5, \"learning_rate\": 0.05, \"max_depth\": 8, \"min_child_weight\": 5, \"n_estimators\": 300, \"reg_alpha\": 0.1, \"reg_lambda\": 5, \"subsample\": 1.0}"
    },
    {
      "config_id": 8,
      "spearman_mean": 0.46750128269868546,
      "spearman_std": 0.008497606101974479,
      "rmse_mean": 2.07776048792278,
      "rmse_std": 0.04286716506329804,
      "val_minus_train_mse_mean": NaN,
      "fold_1_spearman": 0.47972284499572754,
      "fold_1_rmse": 2.050717074888741,
      "fold_2_spearman": 0.4605770742788969,
      "fold_2_rmse": 2.0179087394744015,
      "fold_3_spearman": 0.4625323917960914,
      "fold_3_rmse": 2.1429927011028247,
      "fold_4_spearman": 0.4756734616899631,
      "fold_4_rmse": 2.0747263946311922,
      "fold_5_spearman": 0.45900064073274804,
      "fold_5_rmse": 2.102457529516739,
      "params_json": "{\"colsample_bytree\": 0.9, \"learning_rate\": 0.1, \"max_depth\": 6, \"min_child_weight\": 1, \"n_estimators\": 800, \"reg_alpha\": 1.0, \"reg_lambda\": 5, \"subsample\": 1.0}"
    },
    {
      "config_id": 9,
      "spearman_mean": 0.47035894068203776,
      "spearman_std": 0.008786995671447967,
      "rmse_mean": 2.07733829297766,
      "rmse_std": 0.03987238455247041,
      "val_minus_train_mse_mean": NaN,
      "fold_1_spearman": 0.4858278457485491,
      "fold_1_rmse": 2.0479494725416787,