validation_purpose,not_drug_response_validation,model_ranking_source,ranking_score_column,top_k,top_drug_ids_json,n_samples,logrank_p_value,cox_hr_high_vs_low,cox_hr_ci_lower,cox_hr_ci_upper,cox_p_value,cox_fit_note,km_plot_relative,error
survival_linked_clinical_relevance,True,xgb_top_set,pred_xgb,10,"[1011, 1016, 1004, 1007, 1001, 1015, 1006, 1012, 1005, 1018]",40,0.036086290717120564,2.5520781819586174,1.0651928796566528,6.114482335751806,0.035585469959984704,,km_plots/km_xgb_top_set.png,
survival_linked_clinical_relevance,True,residualmlp_top_set,pred_residualmlp,10,"[1001, 1020, 1005, 1018, 1017, 1047, 1029, 1043, 1036, 1030]",40,0.8313589209877142,1.0967035675168468,0.4843722243140222,2.4831289959029963,0.8247888485554242,,km_plots/km_residualmlp_top_set.png,
survival_linked_clinical_relevance,True,gcn_top_set,pred_gcn,10,"[1047, 1043, 1030, 1025, 1048, 1039, 1049, 1052, 1050, 1014]",40,0.08325155793415366,2.2016862662583083,0.9042590498235672,5.360656789640365,0.0821577748230665,,km_plots/km_gcn_top_set.png,
survival_linked_clinical_relevance,True,ensemble_top_set,ensemble_score,10,"[1047, 1043, 1030, 1025, 1048, 1039, 1049, 1052, 1050, 1014]",40,0.7437873732718976,1.152265357155606,0.5074505269807889,2.616443146094518,0.73481520392473,,km_plots/km_ensemble_top_set.png,
