fold,RMSE,MAE,Spearman,NDCG@20,Hit@20
1,2.03982,1.528059,0.486261,0.836369,1.0
2,2.014168,1.520961,0.467803,0.846003,1.0
3,2.138336,1.574866,0.464016,0.841912,1.0
4,2.070092,1.527715,0.477399,0.836745,1.0
5,2.088849,1.555538,0.469849,0.839389,1.0
