{
  "torch_epochs_max": 45,
  "torch_batch": 256,
  "early_stop_patience": 8,
  "n_configs_per_model": 12,
  "preprocessing": {
    "XGBoost": "raw features (no standardization).",
    "DL_variant_A": "StandardScaler on all continuous columns (fit on train fold).",
    "DL_variant_B": "StandardScaler on pathway block continuous columns only; other features unscaled."
  },
  "block_indices": {
    "pathway": 50,
    "drug_chem": 2058,
    "pair_lincs": 5,
    "pair_target": 10
  },
  "dl_saved_checkpoint": "CV: early stopping on validation fold. Final .pt: trained on 100% of rows for torch_epochs (same max epochs as CV cap), no early stopping, after scaling variant of best config.",
  "family": "blockwise_mlp",
  "rows": [
    {
      "config_id": 1,
      "variant": "A",
      "block_hidden_dim": 64,
      "fusion_hidden_dim": 128,
      "dropout": 0.2,
      "lr": 0.0005,
      "weight_decay": 0.0001,
      "spearman_mean": 0.47229952683172594,
      "spearman_std": 0.008829162472284302,
      "rmse_mean": 2.072770611767367,
      "rmse_std": 0.042511694118714596,
      "val_minus_train_mse_mean": -0.037912052592520416,
      "fold_1_spearman": 0.48885901310451957,
      "fold_1_rmse": 2.0458341092213743,
      "fold_2_spearman": 0.46992837428262885,
      "fold_2_rmse": 2.013195851076104,
      "fold_3_spearman": 0.46262360088594373,
      "fold_3_rmse": 2.139495328772844,
      "fold_4_spearman": 0.4717936293294741,
      "fold_4_rmse": 2.075128905187466,
      "fold_5_spearman": 0.4682930165560632,
      "fold_5_rmse": 2.0901988645790497,
      "params_json": "{\"block_hidden_dim\": 64, \"dropout\": 0.2, \"fusion_hidden_dim\": 128, \"lr\": 0.0005, \"variant\": \"A\", \"weight_decay\": 0.0001}"
    },
    {
      "config_id": 2,
      "variant": "B",
      "block_hidden_dim": 64,
      "fusion_hidden_dim": 128,
      "dropout": 0.2,
      "lr": 0.0005,
      "weight_decay": 0.0001,
      "spearman_mean": 0.4715631880422162,
      "spearman_std": 0.00831450971651498,
      "rmse_mean": 2.073718972864545,
      "rmse_std": 0.04316742774862244,
      "val_minus_train_mse_mean": -0.056346112764644476,
      "fold_1_spearman": 0.48648544618609973,
      "fold_1_rmse": 2.0480209520654022,
      "fold_2_spearman": 0.4673735137395216,
      "fold_2_rmse": 2.0130125163220276,
      "fold_3_spearman": 0.4624376224932621,
      "fold_3_rmse": 2.142777523196474,
      "fold_4_spearman": 0.4675300504522446,
      "fold_4_rmse": 2.0772954676233106,
      "fold_5_spearman": 0.4739893073399532,
      "fold_5_rmse": 2.087488405115511,
      "params_json": "{\"block_hidden_dim\": 64, \"dropout\": 0.2, \"fusion_hidden_dim\": 128, \"lr\": 0.0005, \"variant\": \"B\", \"weight_decay\": 0.0001}"
    },
    {
      "config_id": 3,
      "variant": "A",
      "block_hidden_dim": 32,
      "fusion_hidden_dim": 128,
      "dropout": 0.2,
      "lr": 0.0005,
      "weight_decay": 0.0001,
      "spearman_mean": 0.47125355946568803,
      "spearman_std": 0.007633722218071206,
      "rmse_mean": 2.073370748936112,
      "rmse_std": 0.041709736474251746,
      "val_minus_train_mse_mean": -0.05468318406242965,
      "fold_1_spearman": 0.4840317701427898,
      "fold_1_rmse": 2.0495679772283792,
      "fold_2_spearman": 0.46892788946472236,
      "fold_2_rmse": 2.0162033315934713,
      "fold_3_spearman": 0.460395774831633,
      "fold_3_rmse": 2.1422438243358934,
      "fold_4_spearman": 0.47298973401292543,
      "fold_4_rmse": 2.074563667657209,
      "fold_5_spearman": 0.4699226288763693,
      "fold_5_rmse": 2.0842749438656063,
      "params_json": "{\"block_hidden_dim\": 32, \"dropout\": 0.2, \"fusion_hidden_dim\": 128, \"lr\": 0.0005, \"variant\": \"A\", \"weight_decay\": 0.0001}"
    },
    {
      "config_id": 4,
      "variant": "A",
      "block_hidden_dim": 128,
      "fusion_hidden_dim": 128,
      "dropout": 0.2,
      "lr": 0.0005,
      "weight_decay": 0.0001,
      "spearman_mean": 0.4728951925096251,
      "spearman_std": 0.007862050022888086,
      "rmse_mean": 2.0727521406026908,
      "rmse_std": 0.04180925193801582,
      "val_minus_train_mse_mean": -0.030773511652022557,
      "fold_1_spearman": 0.4861522551992848,
      "fold_1_rmse": 2.0467510622664085,
      "fold_2_spearman": 0.4656953974416907,
      "fold_2_rmse": 2.014449375541886,
      "fold_3_spearman": 0.464302130956201,
      "fold_3_rmse": 2.13929974819523,
      "fold_4_spearman": 0.475649117796402,
      "fold_4_rmse": 2.075362355409291,
      "fold_5_spearman": 0.47267706115454683,
      "fold_5_rmse": 2.08789816160064,
      "params_json": "{\"block_hidden_dim\": 128, \"dropout\": 0.2, \"fusion_hidden_dim\": 128, \"lr\": 0.0005, \"variant\": \"A\", \"weight_decay\": 0.0001}"
    },
    {
      "config_id": 5,
      "variant": "A",
      "block_hidden_dim": 64,
      "fusion_hidden_dim": 64,
      "dropout": 0.2,
      "lr": 0.0005,
      "weight_decay": 0.0001,
      "spearman_mean": 0.4698973431669737,
      "spearman_std": 0.0071590273919716375,
      "rmse_mean": 2.07531184497053,
      "rmse_std": 0.04027223985264923,
      "val_minus_train_mse_mean": -0.09309970967054362,
      "fold_1_spearman": 0.4807249996608505,
      "fold_1_rmse": 2.051922812856135,
      "fold_2_spearman": 0.46281854305467995,
      "fold_2_rmse": 2.0206595539474197,
      "fold_3_spearman": 0.46409078943286697,
      "fold_3_rmse": 2.141448704752049,
      "fold_4_spearman": 0.4760777782179087,
      "fold_4_rmse": 2.0731892877730704,
      "fold_5_spearman": 0.4657746054685622,
      "fold_5_rmse": 2.0893388655239757,
      "params_json": "{\"block_hidden_dim\": 64, \"dropout\": 0.2, \"fusion_hidden_dim\": 64, \"lr\": 0.0005, \"variant\": \"A\", \"weight_decay\": 0.0001}"
    },
    {
      "config_id": 6,
      "variant": "A",
      "block_hidden_dim": 64,
      "fusion_hidden_dim": 256,
      "dropout": 0.2,
      "lr": 0.0005,
      "weight_decay": 0.0001,
      "spearman_mean": 0.4716865633370424,
      "spearman_std": 0.007921151476424877,
      "rmse_mean": 2.074007339617207,
      "rmse_std": 0.04192033906103047,
      "val_minus_train_mse_mean": -0.025355942689605372,
      "fold_1_spearman": 0.4847780018897344,
      "fold_1_rmse": 2.051013635457066,
      "fold_2_spearman": 0.46661996110286497,
      "fold_2_rmse": 2.0147743500098265,
      "fold_3_spearman": 0.4620929796401823,
      "fold_3_rmse": 2.1417006414467084,
      "fold_4_spearman": 0.4758914376962097,
      "fold_4_rmse": 2.075736717059412,
      "fold_5_spearman": 0.46905043635622085,
      "fold_5_rmse": 2.0868113541130233,
      "params_json": "{\"block_hidden_dim\": 64, \"dropout\": 0.2, \"fusion_hidden_dim\": 256, \"lr\": 0.0005, \"variant\": \"A\", \"weight_decay\": 0.0001}"
    },
    {
      "config_id": 7,
      "variant": "A",
      "block_hidden_dim": 64,
      "fusion_hidden_dim": 128,
      "dropout": 0.1,
      "lr": 0.0005,
      "weight_decay": 0.0001,
      "spearman_mean": 0.472412441444172,
      "spearman_std": 0.008663740568598909,
      "rmse_mean": 2.069491195495611,
      "rmse_std": 0.04207726366999137,
      "val_minus_train_mse_mean": 0.014234767740149933,
      "fold_1_spearman": 0.4856511480929656,
      "fold_1_rmse": 2.047684138288959,
      "fold_2_spearman": 0.46684453216648436,
      "fold_2_rmse": 2.0112353883050114,
      "fold_3_spearman": 0.4620036580494335,
      "fold_3_rmse": 2.138079947158926,
      "fold_4_spearman": 0.4791174432758448,
      "fold_4_rmse": 2.0649095967157116,
      "fold_5_spearman": 0.46844542563613184,
      "fold_5_rmse": 2.0855469070094466,
      "params_json": "{\"block_hidden_dim\": 64, \"dropout\": 0.1, \"fusion_hidden_dim\": 128, \"lr\": 0.0005, \"variant\": \"A\", \"weight_decay\": 0.0001}"
    },
    {
      "config_id": 8,
      "variant": "A",
      "block_hidden_dim": 64,
      "fusion_hidden_dim": 128,
      "dropout": 0.3,
      "lr": 0.0005,
      "weight_decay": 0.0001,
      "spearman_mean": 0.47239745918554366,
      "spearman_std": 0.008451898761219429,