cid,drug_name,smiles,stage1_swissadme_pass,ensemble_score,adme_final_score_after_soft
1989,Acetohexamide,CC(=O)C1=CC=C(C=C1)S(=O)(=O)NC(=O)NC2CCCCC2,True,1.5995290105731916,1.6995290105731917
2082,Albendazole,CCCSC1=CC2=C(C=C1)N=C(N2)NC(=O)OC,True,1.5995290105731916,1.6995290105731917
176,Acetic Acid,CC(=O)O,True,1.5995290105731916,1.4995290105731918
2083,Salbutamol,CC(C)(C)NCC(C1=CC(=C(C=C1)O)CO)O,True,1.5995290105731916,1.4995290105731918
12035,N-Acetyl-L-Cysteine,CC(=O)NC(CS)C(=O)O,True,1.5995290105731916,1.4995290105731918
1983,Acetaminophen,CC(=O)NC1=CC=C(C=C1)O,True,1.5995290105731916,1.4995290105731918
15664,"5,5'-Dimethyl-2,2'-bipyridyl",CC1=CN=C(C=C1)C2=NC=C(C=C2)C,True,1.5995290105731916,1.4995290105731918
60164,Adapalene,COC1=C(C=C(C=C1)C2=CC3=C(C=C2)C=C(C=C3)C(=O)O)C45CC6CC(C4)CC(C6)C5,True,1.5995290105731916,1.2995290105731918
