cid,drug_name,smiles,stage1_swissadme_pass,ensemble_score,adme_final_score_after_soft,stage2_engine,h_ht_proxy,hERG,H_HT,DILI,AMES,CYP1A2_Veith,CYP2C19_Veith,CYP2C9_Veith,CYP2D6_Veith,CYP3A4_Veith,n_cyp_inhibitor_ge_cutoff,cyp_inhibitor_flags,Clearance_Microsome_AZ,Half_Life_Obach_hr,PPBR_AZ_percent_bound,Fu_percent_unbound,fu_ppbr_note,stage2_hard_fail,stage2_hard_fail_reasons,stage2_soft_penalty,stage2_soft_penalty_reasons,stage2_soft_penalty_count,stage2_pass_operational,final_rank_after_stage2
176,Acetic Acid,CC(=O)O,True,1.5995290105731916,1.4995290105731918,admet-ai,ClinTox,0.006047424860298634,0.04209745302796364,0.22770898044109344,0.03215872496366501,0.0025812042877078056,0.0034497217275202274,0.0016720140120014548,0.0021704253740608692,1.7960495824809186e-05,0,,-38.441017150878906,-2.0562095642089844,20.560379028320312,79.43962097167969,,False,,True,Clearance_Microsome_AZ<5.0,1,True,1
2083,Salbutamol,CC(C)(C)NCC(C1=CC(=C(C=C1)O)CO)O,True,1.5995290105731916,1.4995290105731918,admet-ai,ClinTox,0.14686743915081024,0.01237338688224554,0.015103953890502453,0.033104266971349716,0.012182953767478466,0.010026263073086739,0.0032047093845903873,0.07918623089790344,0.0018825281877070665,0,,-1.6217705011367798,6.245106220245361,19.312808990478516,80.68719100952148,,False,,True,Clearance_Microsome_AZ<5.0,1,True,2
12035,N-Acetyl-L-Cysteine,CC(=O)NC(CS)C(=O)O,True,1.5995290105731916,1.4995290105731918,admet-ai,ClinTox,0.0061138770543038845,0.06152505800127983,0.17547276616096497,0.2104189693927765,0.0006302491528913379,0.0035235476680099964,0.0013720026472583413,0.001699338317848742,6.48176355753094e-05,0,,-20.731021881103516,-1.2021124362945557,32.296852111816406,67.7031478881836,,False,,True,Clearance_Microsome_AZ<5.0,1,True,3
1983,Acetaminophen,CC(=O)NC1=CC=C(C=C1)O,True,1.5995290105731916,1.4995290105731918,admet-ai,ClinTox,0.096282958984375,0.08517765998840332,0.5796204805374146,0.302034854888916,0.3678509294986725,0.10834375768899918,0.042200952768325806,0.034739650785923004,0.011711847968399525,0,,9.812922477722168,-3.9319984912872314,43.47800064086914,56.52199935913086,,False,,False,,0,True,4
