{
  "torch_epochs_max": 45,
  "torch_batch": 256,
  "early_stop_patience": 8,
  "n_configs_per_model": 12,
  "preprocessing": {
    "XGBoost": "raw features (no standardization).",
    "DL_variant_A": "StandardScaler on all continuous columns (fit on train fold).",
    "DL_variant_B": "StandardScaler on pathway block continuous columns only; other features unscaled."
  },
  "block_indices": {
    "pathway": 50,
    "drug_chem": 2058,
    "pair_lincs": 5,
    "pair_target": 10
  },
  "dl_saved_checkpoint": "CV: early stopping on validation fold. Final .pt: trained on 100% of rows for torch_epochs (same max epochs as CV cap), no early stopping, after scaling variant of best config.",
  "family": "residual_mlp",
  "rows": [
    {
      "config_id": 1,
      "variant": "A",
      "hidden_dim": 256,
      "num_layers": 3,
      "dropout": 0.2,
      "lr": 0.0005,
      "weight_decay": 0.0001,
      "spearman_mean": 0.47198832552066133,
      "spearman_std": 0.009997078736682345,
      "rmse_mean": 2.071212748741383,
      "rmse_std": 0.04595020983551681,
      "val_minus_train_mse_mean": 0.13734505782728004,
      "fold_1_spearman": 0.4853320816783886,
      "fold_1_rmse": 2.051240183023955,
      "fold_2_spearman": 0.47187552526832444,
      "fold_2_rmse": 2.0031545318473793,
      "fold_3_spearman": 0.45625175466263,
      "fold_3_rmse": 2.142401521927775,
      "fold_4_spearman": 0.4791934707111926,
      "fold_4_rmse": 2.0670516911628525,
      "fold_5_spearman": 0.46728879528277123,
      "fold_5_rmse": 2.0922158157449533,
      "params_json": "{\"dropout\": 0.2, \"hidden_dim\": 256, \"lr\": 0.0005, \"num_layers\": 3, \"variant\": \"A\", \"weight_decay\": 0.0001}"
    },
    {
      "config_id": 2,
      "variant": "B",
      "hidden_dim": 256,
      "num_layers": 3,
      "dropout": 0.2,
      "lr": 0.0005,
      "weight_decay": 0.0001,
      "spearman_mean": 0.4675010869674024,
      "spearman_std": 0.011899114247470208,
      "rmse_mean": 2.073739203820486,
      "rmse_std": 0.04479923101186865,
      "val_minus_train_mse_mean": -0.03823966015184901,
      "fold_1_spearman": 0.48812920367650403,
      "fold_1_rmse": 2.0437860841511215,
      "fold_2_spearman": 0.46559115677937746,
      "fold_2_rmse": 2.0136607453772206,
      "fold_3_spearman": 0.4529650672278279,
      "fold_3_rmse": 2.1453425639380503,
      "fold_4_spearman": 0.47082924880642507,
      "fold_4_rmse": 2.0721968226826415,
      "fold_5_spearman": 0.45999075834687786,
      "fold_5_rmse": 2.0937098029533976,
      "params_json": "{\"dropout\": 0.2, \"hidden_dim\": 256, \"lr\": 0.0005, \"num_layers\": 3, \"variant\": \"B\", \"weight_decay\": 0.0001}"
    },
    {
      "config_id": 3,
      "variant": "A",
      "hidden_dim": 128,
      "num_layers": 3,
      "dropout": 0.2,
      "lr": 0.0005,
      "weight_decay": 0.0001,
      "spearman_mean": 0.47209041519645406,
      "spearman_std": 0.010696864657902051,
      "rmse_mean": 2.0729664358290574,
      "rmse_std": 0.047504140376739896,
      "val_minus_train_mse_mean": 0.004448886495213777,
      "fold_1_spearman": 0.489232849453716,
      "fold_1_rmse": 2.0475371942181035,
      "fold_2_spearman": 0.4723920472529959,
      "fold_2_rmse": 2.0058804132979593,
      "fold_3_spearman": 0.45751643472880704,
      "fold_3_rmse": 2.1467474931502597,
      "fold_4_spearman": 0.47620699052086785,
      "fold_4_rmse": 2.06625706038564,
      "fold_5_spearman": 0.4651037540258834,
      "fold_5_rmse": 2.098410018093324,
      "params_json": "{\"dropout\": 0.2, \"hidden_dim\": 128, \"lr\": 0.0005, \"num_layers\": 3, \"variant\": \"A\", \"weight_decay\": 0.0001}"
    },
    {
      "config_id": 4,
      "variant": "A",
      "hidden_dim": 512,
      "num_layers": 3,
      "dropout": 0.2,
      "lr": 0.0005,
      "weight_decay": 0.0001,
      "spearman_mean": 0.4718425207516187,
      "spearman_std": 0.010322218453979114,
      "rmse_mean": 2.0676563516712823,
      "rmse_std": 0.04523456826755789,
      "val_minus_train_mse_mean": 0.21885887033355678,
      "fold_1_spearman": 0.4866598667643778,
      "fold_1_rmse": 2.0412168850755976,
      "fold_2_spearman": 0.47316247628841346,
      "fold_2_rmse": 2.0029238547803296,
      "fold_3_spearman": 0.4624823892033716,
      "fold_3_rmse": 2.1368389200454363,
      "fold_4_spearman": 0.4784756088738426,
      "fold_4_rmse": 2.0661311696632203,
      "fold_5_spearman": 0.4584322626280883,
      "fold_5_rmse": 2.091170928791827,
      "params_json": "{\"dropout\": 0.2, \"hidden_dim\": 512, \"lr\": 0.0005, \"num_layers\": 3, \"variant\": \"A\", \"weight_decay\": 0.0001}"
    },
    {
      "config_id": 5,
      "variant": "A",
      "hidden_dim": 256,
      "num_layers": 2,
      "dropout": 0.2,
      "lr": 0.0005,
      "weight_decay": 0.0001,
      "spearman_mean": 0.47230166236700677,
      "spearman_std": 0.009961581771394754,
      "rmse_mean": 2.0682754776074517,
      "rmse_std": 0.04768547106447995,
      "val_minus_train_mse_mean": 0.08121104800208023,
      "fold_1_spearman": 0.4854552397199199,
      "fold_1_rmse": 2.041970120150668,
      "fold_2_spearman": 0.47164091045168505,
      "fold_2_rmse": 1.9988573505709502,
      "fold_3_spearman": 0.45862525535087095,
      "fold_3_rmse": 2.1420629641827045,
      "fold_4_spearman": 0.48110831241011615,
      "fold_4_rmse": 2.0699299008943997,
      "fold_5_spearman": 0.46467859390244187,
      "fold_5_rmse": 2.088557052238536,
      "params_json": "{\"dropout\": 0.2, \"hidden_dim\": 256, \"lr\": 0.0005, \"num_layers\": 2, \"variant\": \"A\", \"weight_decay\": 0.0001}"
    },
    {
      "config_id": 6,
      "variant": "A",
      "hidden_dim": 256,
      "num_layers": 4,
      "dropout": 0.2,
      "lr": 0.0005,
      "weight_decay": 0.0001,
      "spearman_mean": 0.4691586834398704,
      "spearman_std": 0.0127106306430403,
      "rmse_mean": 2.0798029498645603,
      "rmse_std": 0.03818971966754311,
      "val_minus_train_mse_mean": 0.013704424268834892,
      "fold_1_spearman": 0.4852503918376339,
      "fold_1_rmse": 2.04928737907948,
      "fold_2_spearman": 0.4595041057884485,
      "fold_2_rmse": 2.0380666354425583,
      "fold_3_spearman": 0.4532817522855604,
      "fold_3_rmse": 2.1440634851379756,
      "fold_4_spearman": 0.48279527723461874,
      "fold_4_rmse": 2.0686690807363277,
      "fold_5_spearman": 0.4649618900530905,
      "fold_5_rmse": 2.0989281689264616,
      "params_json": "{\"dropout\": 0.2, \"hidden_dim\": 256, \"lr\": 0.0005, \"num_layers\": 4, \"variant\": \"A\", \"weight_decay\": 0.0001}"
    },
    {
      "config_id": 7,
      "variant": "A",
      "hidden_dim": 256,
      "num_layers": 3,
      "dropout": 0.1,
      "lr": 0.0005,
      "weight_decay": 0.0001,
      "spearman_mean": 0.47220609234679395,
      "spearman_std": 0.0068209760504670675,
      "rmse_mean": 2.0677643088029365,
      "rmse_std": 0.04576970306592363,
      "val_minus_train_mse_mean": 0.1319710678154909,
      "fold_1_spearman": 0.48377772567805327,
      "fold_1_rmse": 2.04295918041198,
      "fold_2_spearman": 0.46959801901064535,
      "fold_2_rmse": 2.000161045266289,
      "fold_3_spearman": 0.4639118169304373,
      "fold_3_rmse": 2.13807526370857,
      "fold_4_spearman": 0.4752555933256111,
      "fold_4_rmse": 2.071704785013434,
      "fold_5_spearman": 0.4684873067892227,
      "fold_5_rmse": 2.0859212696144085,
      "params_json": "{\"dropout\": 0.1, \"hidden_dim\": 256, \"lr\": 0.0005, \"num_layers\": 3, \"variant\": \"A\", \"weight_decay\": 0.0001}"
    },
    {
      "config_id": 8,
      "variant": "A",
      "hidden_dim": 256,
      "num_layers": 3,
      "dropout": 0.3,
      "lr": 0.0005,
      "weight_decay": 0.0001,
      "spearman_mean": 0.46897520421308575,
      "spearman_std": 0.0063303334137491275,
      "rmse_mean": 2.0873201219607926,
      "rmse_std": 0.04355268413905799,
      "val_minus_train_mse_mean": -0.06694549130977148,
      "fold_1_spearman": 0.4796395788682624,