fda_drug_rank,sample_id,canonical_drug_id,pred_xgb,pred_residualmlp,pred_gcn,ensemble_score,best_pair_rank,is_top100
1,MB-0039,1046,-1.3650587797164917,43.40230941772461,1.5879963636398315,12.655762708187105,14,True
2,MB-0039,1053,-1.5925407409667969,40.93046951293945,-36.40947723388672,4.200975036621093,655,False
3,MB-0039,1054,-1.9917248487472536,41.5677375793457,-36.77523040771485,4.119412767887114,662,False
4,MB-0039,1051,-1.3821399211883545,41.24433517456055,-44.5113639831543,2.779957795143128,781,False
