model,RMSE,MAE,Spearman,NDCG@20,Hit@20
BlockWiseMLP,2.106591,1.583276,0.445905,0.837439,1.0
ResidualMLP,2.10315,1.582552,0.452853,0.839462,1.0
