fold,RMSE,MAE,Spearman,NDCG@20,Hit@20
1,2.051686,1.533435,0.481457,0.83776,1.0
2,2.003039,1.520239,0.466874,0.847294,1.0
3,2.145943,1.565674,0.461004,0.841085,1.0
4,2.068529,1.522803,0.475495,0.837825,1.0
5,2.094626,1.543578,0.459196,0.836648,1.0
