{
  "model": "residualmlp",
  "validation_type": "5-fold row KFold",
  "rows_total": 14497,
  "fold_metrics_file": "residualmlp_cv_fold_metrics.csv",
  "summary": {
    "RMSE_mean": 2.0727645999999997,
    "RMSE_std": 0.0472374978532945,
    "MAE_mean": 1.5371458,
    "MAE_std": 0.01649580084021388,
    "Spearman_mean": 0.4688052,
    "Spearman_std": 0.008505838545375762,
    "NDCG@20_mean": 0.8401224,
    "NDCG@20_std": 0.003880435058083056,
    "Hit@20_mean": 1.0,
    "Hit@20_std": 0.0
  }
}