{
  "model": "gcn",
  "validation_type": "5-fold GroupKFold(by canonical_drug_id)",
  "rows_total": 14497,
  "fold_metrics_file": "gcn_groupcv_fold_metrics.csv",
  "summary": {
    "RMSE_mean": 2.5793052000000003,
    "RMSE_std": 0.11256231503553932,
    "MAE_mean": 2.0958676,
    "MAE_std": 0.1126285023350661,
    "Spearman_mean": 0.23011299999999996,
    "Spearman_std": 0.0829369723103032,
    "NDCG@20_mean": 0.7452362000000001,
    "NDCG@20_std": 0.045566077480511745,
    "Hit@20_mean": 0.9931034000000001,
    "Hit@20_std": 0.013793200000000016
  }
}