fold,RMSE,MAE,Spearman,NDCG@20,Hit@20
1,2.771933,2.283248,0.159398,0.699091,0.965517
2,2.436183,1.938004,0.327662,0.752226,1.0
3,2.53786,2.07547,0.198206,0.746658,1.0
4,2.530488,2.052994,0.32972,0.825296,1.0
5,2.620062,2.129622,0.135579,0.70291,1.0
